video_id,broadcast_id,class_id,owner_id,class_name,institution,title,auth_code,edit_auth_code,creation,modification,caption_key,thumb_key
05349984,05152418,0,131949476,,,Section 12.1 D,1786543450,264163837,1658361474,1658362834,5152418_English,28ce5961-d4f3-46b5-957b-cf7d51960354.mp4-preview.jpg
05349947,05152381,0,4682818,,,The Heart of Infant and Toddler Care Lesson 1 Part 1 Relationships Matter CD 31,1801468977,1368491585,1658361458,1658364053,5152381_English,Video-d8c2a6fa-8825-450a-9ffb-cdc9158e9d83_processed.mp4-preview.jpg
05349912,05152346,0,43261180,,,Maturation science Lesson 3 Final,2126176745,499115655,1658361442,1660155138,5152346_English,Video-0508dd42-44d9-47d8-bfe2-ea8464ef93d6_processed.mp4-preview.jpg
05349872,05152306,0,29848246,,,"My Event on Wednesday, July 20, 2022",1799476351,126356443,1658361424,1658361558,,NMlQVd-E75531CF-F3EC-401B-9695-E67919C38AA1_video0.mp4-preview.jpg
05349843,05152277,0,36870227,,,Response 1Week8,1705332380,772255172,1658361410,1658361518,,Video-ced2f682-1ab6-4e48-8764-a22ec1ae8018_processed.mp4-preview.jpg
05349834,05152268,0,47429220,,,HMSV 1140 Wk 10 Sum 2022,839173231,1394728801,1658361406,1667732315,5152268_English,ade76dcc-46d2-4717-8246-3d2951e2cdb7_screen_capture_video_1658361395_display0.mp4-preview.jpg
05349833,05152267,0,60482065,,,"My Event on Wednesday, July 20, 2022",1293073936,871990862,1658361406,1661312074,,fmoses1_637939401850962413_1.mp4-preview.jpg
05349827,05152261,0,36870227,,,Response 2 Week 8,1165172573,416314550,1658361404,1658361508,,Video-9685d723-606c-49bd-9242-8d65991a318e_processed.mp4-preview.jpg
05349799,05152233,0,36812728,,,GMT20220720-220508_Recording_1920x1080,682753657,1954474538,1658361392,1658363727,5152233_English,Video-23acb7d1-175b-47b7-89f6-894fb9778593_processed.mp4-preview.jpg
05349732,05152166,0,36214223,,,Response Wk 8 2,1993741610,1415266534,1658361361,1661974327,,Video-cae4f6a4-51b0-4873-840c-a60f7471d261_processed.mp4-preview.jpg
05349685,05152119,0,167821166,,,"My Event on Wednesday, July 20, 2022",264245471,1906793067,1658361339,1658362256,5152119_English,5acf14f0-8e4b-4b81-8bf7-aa90411da209_screen_capture_video_1658361285_display0.mp4-preview.jpg
05349678,05152112,0,46649037,,,"ME10 Lectures 19-20 July 20, 2022",1565084538,1019641172,1658361337,1658373479,5152112_English,Video-7d279f1c-e6bf-4f37-9a3e-2d2bff9e36e9_processed.mp4-preview.jpg
05349619,05152053,0,169417482,,,SG MP4 Radical Behaviorism 7-24,182416314,220105387,1658361310,1658362254,5152053_English,Video-5404392e-c259-489e-837e-ee12b4d16beb_processed.mp4-preview.jpg
05349616,05152050,531351,53475223,"INTRODUCTION TO FINANCIAL MANAGEMENT (BUS_106_001, ECON_134_001) - CL",ucr,BUS 106 Recording_072022.Summer 2022,1461361053,506248658,1658361309,1658375201,5152050_English,Video-833ccba7-7733-4be7-95b8-8a3b0dac6f7c_processed.mp4-preview.jpg
05349610,05152044,0,168481669,,,Comparing YuJa and Canvas Studio Auto Captions,276432800,1186665856,1658361307,1661881376,,Video-87ca376a-3d59-453f-9bf3-9b27273e1d3a_processed.mp4-preview.jpg
05349569,05152003,0,29848246,,,"My Event on Wednesday, July 20, 2022",900331391,272864602,1658361286,1658361436,,NMlQVd-62620E00-56A1-498D-AFB8-6D3A95BD6BB7_video0.mp4-preview.jpg
05349548,05151982,0,47566091,,,Week 8 Response 1,1940651049,2088075095,1658361277,1658371263,,Video-6bcc83c6-3704-486c-863a-43fbc4873f27_processed.mp4-preview.jpg
05349393,05151827,0,36020844,,,"My Event on Wednesday, July 20, 2022",1885310652,999500271,1658361205,1658361626,,7a667a8d-097a-400e-a3a7-89fe03cb1bbb_screen_capture_video_1658361190_display0.mp4-preview.jpg
05349392,05151826,0,166554278,,,"My Event on Wednesday, July 20, 2022",1788856992,556034266,1658361205,1658361205,,unknown
05349360,05151794,0,80683445,,,My recording 3,2072953084,2112444816,1658361190,1658362249,5151794_English,unknown
05349346,05151780,0,9595178,,,Cole Bradley 2022-07-20,559585659,1012491385,1658361185,1658367285,,LYrQ34A-C78E7C54-673A-4EA4-84E1-6E65AC854D05_desktop0.mp4-preview.jpg
05349345,05151779,0,48134834,,,"My Event on Wednesday, July 20, 2022",837640334,1257653371,1658361184,1658973941,,JGYJzZ-74C3C91B-A95D-47BB-A3D0-D87A24D7AA23_video0.mp4-preview.jpg
05349339,05151773,0,5989293,,,Katie Banet 2022-07-20,1132695106,1484380279,1658361181,1658722536,,kbanet_637939399533894485_1.mp4-preview.jpg
05349305,05151739,0,36812728,,,GMT20220720-210128_Recording_1920x1080,470655174,1213734442,1658361163,1658362864,5151739_English,Video-3f24e1d6-4f9a-4ae8-926c-1183182bbb4d_processed.mp4-preview.jpg
05349301,05151735,0,167966662,,,paper hw 12,841693744,473227693,1658361161,1658361630,5151735_English,Video-36f94e7c-4426-4dcf-b5e3-c7f31b91a2a2_processed.mp4-preview.jpg
05349297,05151731,0,36020844,,,"My Event on Wednesday, July 20, 2022",461273116,1122506552,1658361160,1658361160,,unknown
05349295,05151728,0,136001872,,,C-14 Lecture Video 8/16: Mononucleosis - EBV,1897526436,1454990307,1658361159,1658361159,,unknown
05349284,05151718,0,164446623,,,Quick Meeting,339429013,844393504,1658361155,1658365505,,Video-f0195b2d-86fb-4833-aba3-9868a97260ef_processed-preview.jpg
05349271,05151705,0,168432323,,,"My Event on Wednesday, July 20, 2022",1970910493,1307853175,1658361149,1658361149,,unknown
05349221,05151655,0,40859947,,,"Chapter 14 - Optical Recording, Communications, and Audio Players_edited",632976700,1490132006,1658361126,1658361962,,Video-1e2a5577-d441-4fdc-b3ee-ac6550ef4079_processed_783844249_784973958_785138085_785146605_785148731_785151655-preview.jpg
05349184,05151618,0,33727362,,,"My Event on Wednesday, July 20, 2022",1791817864,1912448741,1658361109,1658361160,,yWElO8-F9CBAD97-EE5D-4CF4-922B-C7774A8FAD22_video0.mp4-preview.jpg
05349172,05151606,0,161585611,,,"My Event on Wednesday, July 20, 2022",1234610285,1769192035,1658361104,1658361627,5151606_English,qqnjap-059FABE1-EAA3-4E67-BC6C-B9AE441EB4DC_desktop0.mp4-preview.jpg
05349153,05151587,0,86436006,,,750B64DB-8A3F-4E2D-B54D-A1ED1851123F-443-0000064B592C7B04_video (1),807786760,872851643,1658361096,1658361834,5151587_English,Video-fbaa637f-4065-4c92-be90-c798399a5cc2_processed.mp4-preview.jpg
05349140,05151574,0,36020844,,,"My Event on Wednesday, July 20, 2022",1871697900,679795043,1658361091,1658361091,,unknown
05349139,05151573,0,24099,,,Video 3 Logistic Regression RQ 2 Analysis and Report Practice Assign 3A AHS 604 ,5912399,1465548547,1658361091,1658367688,,dd10798b-98bb-4142-a533-0158bd2c5b3a_screen_capture_video_1658361075_display0.mp4-preview.jpg
05349109,05151543,0,29737566,,,Week 8 Log,1850838309,1444618174,1658361078,1658361180,,Video-a6bea5b4-2511-4514-bd18-280ed541905f_processed.mp4-preview.jpg
05349088,05151522,0,161489038,,,Test,283267168,1930322275,1658361069,1658361069,,unknown
05349069,05151504,0,29737566,,,Week 8- Response to Ali,37123887,524515480,1658361060,1658361143,,Video-7ebb6541-26da-450b-ac10-7ec5b55cd154_processed.mp4-preview.jpg
05349067,05151502,553899,136001872,BIO 123 MASTER COURSE,parkland,C-14 Lecture Video 7/16: Typhus - Rickettsia prowazekii,1983649507,1407904287,1658361060,1658362260,,796c07ff-3520-48b5-891a-cc84fef5ce49_screen_capture_video_1658360096_display0_785151502-preview.jpg
05349061,05151496,0,81133210,,,Kervens 07/20/2022,702468443,864273985,1658361058,1658361391,,Video-e4a97d61-0ad2-4d14-90cd-8a1592c973e3_processed-preview.jpg
05349037,05151472,0,166470801,,,Anne ,1784124600,138680445,1658361046,1658361622,5151472_English,QlzLeOJ-5E442000-D985-4CB8-A67D-021FE607DBF9_video0.mp4-preview.jpg
05348986,05151421,0,111129966,,,Kailee Frank 2022-07-20,1154217582,1174344671,1658361024,1658376841,,kfrank_637939398039135506_1.mp4-preview.jpg
05348908,05151343,0,37142495,,,Clips22-07-20_05-24,1100614855,379940625,1658360990,1658361117,,Video-6c56cb8b-c2df-48cc-ae73-49dc14453008_processed.mp4-preview.jpg
05348905,05151340,0,33727362,,,"My Event on Wednesday, July 20, 2022",191293936,1589842780,1658360989,1658361096,,yWElO8-4283BE91-65BC-416C-A367-99747E9E9D17_video0.mp4-preview.jpg
05348897,05151332,0,29842075,,,12 step session 6 response 2,1495162482,1563551008,1658360986,1661393419,,Video-9f2ff684-ccbd-4b37-830c-bf59e762300e_processed.mp4-preview.jpg
05348812,05151247,0,20572068,,,Alyssa Arnett 2022-07-20,1953991863,2037444723,1658360944,1667732319,,BLqYX2k-7E11E466-4EA2-44EE-86E9-F9CE40D8F08B_desktop0.mp4-preview.jpg
05348775,05151210,0,33236069,,,"MWTh Office hours-Jul 20, 2022 04:01 PM Pacific Standard Time",663112252,1780159716,1658360927,1658361141,,Video_Zoom_Recording_53367a76-c8f5-440d-95b3-3b58703eb868.mp4_processed-preview.jpg
05348765,05151201,0,169415329,,,CD Intro,367465346,1530292599,1658360923,1658361063,,Video-676c5135-47a5-4107-8161-b37956b379ce_processed_785151201-preview.jpg
05348695,05151131,0,167821166,,,"My Event on Wednesday, July 20, 2022",598678959,894098516,1658360889,1658360889,,unknown
05348620,05151056,0,40859947,,,Electronics Review,67169706,950750975,1658360853,1658361513,,Video-4abd74d1-3f35-4a80-8e2f-3e041113fc48_processed_782224153_783809974_783810195_783810289_785149757_785151056-preview.jpg
05348579,05151015,511810,28604113,Introduction to Topology,ucsc,"Math 124 Lecture -Jul 20, 2022 12:59 PM Pacific Standard Time",8020733,1652930279,1658360829,1658385450,5151015_English.srt,Video_Zoom_Recording_37d04459-464a-4df5-b48b-cf5f5d0c09e1.mp4_processed-preview.jpg
05348563,05150999,0,131949476,,,Section 12.1 C,580559931,615738003,1658360821,1658362224,5150999_English,35200f9a-0f9d-45d2-a5d9-d5533b8a34a6.mp4-preview.jpg
05348562,05150998,0,167821166,,,Ch 30 video explanation,409131957,1468785177,1658360821,1658360821,,unknown
05348541,05150977,0,37142495,,,Clips22-07-20_05-22,90595644,1812677406,1658360811,1658361007,,Video-d99f2d63-890d-4be9-8b94-fc97566f5521_processed.mp4-preview.jpg
05348466,05150902,0,35559937,,,"Unit 3, Lecture 2, Part I",1574252416,1705752805,1658360777,1658365899,5150902_English,Video-85bb5555-90b0-4026-aafb-7f4eb965fad6_processed.mp4-preview.jpg
05348463,05150899,0,136020202,,,"My Event on Wednesday, July 20, 2022",2006314006,1322316104,1658360776,1658360895,,ccollier1_637939323585410275_1.mp4-preview.jpg
05348437,05150873,0,168481669,,,How to Add a Verification Phone Number to your LACCD Outlook Email_edited,446093677,1775375206,1658360764,1661881376,5150873_English.srt,Video-2ca59ffe-31cb-436e-ae47-fe7565869777_processed.mp4-preview.jpg
05348393,05150829,0,68749399,,,Quick Meeting,416139786,1093875586,1658360742,1667732315,,Video-407fbb0a-aa7b-4ea5-b6ed-3564c1bc888d_processed-preview.jpg
05348369,05150805,0,29641354,,,"My Event on Wednesday, July 20, 2022",1352246393,2089404322,1658360731,1658360807,,awied_637939395063000777_1.mp4-preview.jpg
05348343,05150779,0,36870227,,,Check in Vid_LJacksonWeek8,569666750,1532426147,1658360719,1658361384,,Video-f9530de5-323a-4408-ae4c-c2b4d353bb4b_processed.mp4-preview.jpg
05348317,05150753,0,167821166,,,"My Event on Wednesday, July 20, 2022",377127850,1909910488,1658360709,1658360709,,unknown
05348307,05150743,0,20022764,,,Tiffani Shafer 2022-07-20,360424505,760787358,1658360705,1667732319,,WzjXxAX-6D106B7A-0028-4FD6-B212-B4529816F40C_video0.mp4-preview.jpg
05348227,05150663,525144,23645563,ART 110: Introduction to the Visual Arts - 08528 - Su22,vcsu,Kaylin Monsen - Paper Mache Sculpture ,1721388293,1487701111,1658360669,1658378108,,6Nea2R-6369BE52-C2B5-4090-845E-DE908D9BCD30_desktop0.mp4-preview.jpg
05348177,05150613,0,29848246,,,"My Event on Wednesday, July 20, 2022",732270614,813373762,1658360646,1658360897,,NMlQVd-C845FB44-302D-43BF-A6D5-8D3331052CD5_video0.mp4-preview.jpg
05348166,05150602,0,29641354,,,"My Event on Wednesday, July 20, 2022",744885288,1262706864,1658360641,1658360747,,awied_637939394258850653_1.mp4-preview.jpg
05348162,05150598,0,40859947,,,Modern Technology Using Light Review,1649249462,1173150576,1658360640,1658361513,,Video-4abd74d1-3f35-4a80-8e2f-3e041113fc48_processed_782224153_783809974_783810195_783810289_785149757_785150598-preview.jpg
05348106,05150542,0,37142495,,,Clips22-07-20_05-20,1820139924,1625703122,1658360616,1658360879,,Video-d963cd9d-7d2f-43a1-92dc-a7c1eff3cb82_processed.mp4-preview.jpg
05348084,05150520,0,28523064,,,10.1 Discogenic Facilitated Positional Release Technique,983862670,56439229,1658360606,1658361640,5150520_English,Video-1283ef77-482e-4099-9b4a-69fa4d07f1a6_processed.mp4-preview.jpg
05348062,05150498,0,36214223,,,Response Wk8,1120529242,268114645,1658360597,1658361362,,Video-e91df988-a9ca-4d4a-932f-1793d6c0cbb4_processed.mp4-preview.jpg
05348050,05150486,0,35559937,,,"Unit 3, Lecture 1",1557682204,1315843808,1658360591,1658365136,5150486_English,Video-5bdefcd8-2f92-41a3-8487-7d37d3a8cce7_processed.mp4-preview.jpg
05348030,05150466,0,28523064,,,10.2 Muscle Energy Technique Lumbar Spine ,847434480,1699749005,1658360583,1658361638,5150466_English,Video-75a5b064-adf7-48cf-bf91-287fe977a3ff_processed.mp4-preview.jpg
05348007,05150443,0,47829352,,,Chapter 15 Overhaul Lecture,1482534888,2061054552,1658360574,1658364688,5150443_English,dshaw16_637939393714318283_1.mp4-preview.jpg
05347987,05150423,0,28523064,,,10.3 C-Strain-Counterstrain Anterior Cervical Spine Tender Points,832676626,1541685096,1658360565,1658360996,5150423_English,Video-4a0cbf93-4193-463a-8e8f-b7e688695130_processed.mp4-preview.jpg
05347962,05150398,0,28523064,,,10.4 Illiolumbar Ligament Release Technique Prone,1574955682,1838439966,1658360553,1658360994,5150398_English,Video-9c0b5f2f-4d5c-485b-88ad-4f5efbbf424d_processed.mp4-preview.jpg
05347957,05150393,0,48505320,,,"My Event on Wednesday, July 20, 2022",859809176,2029935374,1658360551,1658360695,,tlewis65_637939393457584808_1.mp4-preview.jpg
05347860,05150296,0,20572068,,,Kylie Sheline 2022-07-20,209692621,2101172466,1658360509,1667732319,,zKNgpZX-FBA028CF-F2C2-4188-95B2-20A6961CA50B_video0.mp4-preview.jpg
05347855,05150291,0,81133210,,,Holly 07/20/2022,778072082,118477985,1658360507,1658360529,,Video-af7ae523-424f-44f2-8f47-43fff8a9d989_processed-preview.jpg
05347822,05150258,0,81133210,,,Wendy 07/20/2022,819383485,634907669,1658360492,1658360823,,Video-93a42dcd-6e1c-421e-b5c8-846e71b5c34d_processed-preview.jpg
05347664,05150100,0,157979656,,,handwashing practice,641011712,442924429,1658360423,1658360992,,Video-485f4d89-8c55-4b6d-aaa0-e66ab7d974d6_processed.mp4-preview.jpg
05347612,05150048,0,37142495,,,Clips22-07-20_05-17,1468460216,601330165,1658360398,1658360759,,Video-175bd85a-1529-41d9-9b87-3e6f13511960_processed.mp4-preview.jpg
05347596,05151201,0,169415329,,,CD Intro,367465346,1530292599,1658360923,1658361063,,Video-676c5135-47a5-4107-8161-b37956b379ce_processed_785151201-preview.jpg
05347454,05149890,0,29872373,,,"My Event on Wednesday, July 20, 2022",1055134246,714184878,1658360326,1661399093,,XlV8zA-F846FAF5-36FE-46A1-B1C0-2813BF90CE6C_video0.mp4-preview.jpg
05347419,05149855,0,167966662,,,paper hw 7,1012984927,1029023650,1658360310,1658360988,5149855_English,Video-3661114a-d221-4974-b7c7-32f08f501bdb_processed.mp4-preview.jpg
05347405,05149841,0,20309183,,,"My Event on Wednesday, July 20, 2022",28354057,404812493,1658360304,1658360304,,unknown
05347351,05149787,0,18332873,,,"My Event on Wednesday, July 20, 2022",1360431545,1455266127,1658360281,1658361642,5149787_English,3bb89a3a-777b-4ac5-9926-3bcce263baf8_screen_capture_video_1658360260_display0.mp4-preview.jpg
05347321,05149757,0,40859947,,,"optical recording, communications, audio players review",2119181749,1303513408,1658360266,1658360953,,Video-4abd74d1-3f35-4a80-8e2f-3e041113fc48_processed_782224153_783809974_783810195_783810289_785149757-preview.jpg
05347315,05149751,0,47472526,,,w2d3,1586928714,1888426619,1658360264,1658887914,5149751_English,Video-0e3015d9-d38e-4315-b84d-7be4560d36ee_processed.mp4-preview.jpg
05347306,05149742,0,13233337,,,Mariah Provost 2022-07-20,723193131,1796225326,1658360259,1658432404,,ef68c2cf-36a7-4d00-9779-cc8fb813349f_screen_capture_video_1658360239_display0.mp4-preview.jpg
05347292,05149728,0,168364410,,,os-07-20-2022,389102109,92865535,1658360253,1658361615,5149728_English,Video-4cf7e770-08d5-4d15-a1ca-bc57f843aa9e_processed.mp4-preview.jpg
05347261,05149697,0,29950514,,,WIN_20220720_18_35_58_Pro,2072977219,304210191,1658360239,1662491980,,Video-ecbdfb7c-36bd-476e-8a6a-342bae6d3205_processed.mp4-preview.jpg
05347209,05149645,0,151499886,,,"My Event on Wednesday, July 20, 2022",801098521,1574617644,1658360214,1658362475,5149645_English,vharris18_637939390072229542_1.mp4-preview.jpg
05347201,05149637,0,34074297,,,Reply to Kelley,280613787,2093776336,1658360211,1658370604,,Video-a1d85b83-e893-487c-b316-db4d0fdf66c4_processed.mp4-preview.jpg
05347158,05149594,0,131949476,,,Section 12.1 B,1839946203,1782300206,1658360191,1658361645,5149594_English,7d843564-5ae3-4600-b50c-1cb3c768d2cf.mp4-preview.jpg
05347110,05149545,0,31875311,,,Mustafa Said 2022-07-20,1361491969,912993631,1658360169,1658360280,,msaid17_637939317497126844_1.mp4-preview.jpg
05347104,05149540,0,85619622,,,COMM 2025 Zoom speeches 1,1209452321,1374183134,1658360167,1658363540,5149540_English.srt,Video_Zoom_Recording_65a2d6f0-4a4d-45d5-8f4b-0422ba5061f4.mp4_processed-preview.jpg
05347103,05149539,0,85619622,,,COMM 2025 Zoom speeches 1,195464367,346341702,1658360167,1658363539,5149539_English.srt,Video_Zoom_Recording_16429c61-07ce-46d8-b174-96e800379d51.mp4_processed-preview.jpg
05347102,05149538,0,85619622,,,COMM 2025 Zoom speeches 1,1769316322,624671910,1658360167,1658363538,5149538_English.srt,Video_Zoom_Recording_6f369ebe-7ac0-49bd-99a9-e072577fd5e7.mp4_processed-preview.jpg
05347101,05149537,0,85619622,,,COMM 2025 Zoom speeches 1,2124503455,40045308,1658360167,1658363541,5149537_English.srt,Video_Zoom_Recording_d2e24c9c-2eaa-4182-b972-477b6e1500aa.mp4_processed-preview.jpg
05347100,05149536,0,85619622,,,COMM 2025 Zoom speeches 1,1575279593,1213253371,1658360167,1658363538,5149536_English.srt,Video_Zoom_Recording_74689a4f-63c6-4240-bdcf-095965d5093a.mp4_processed-preview.jpg
05347070,05149506,0,60795898,,,OSHA-503-WV22M02-NR Update for General Industry Outreach Trainers,1594318223,368723409,1658360148,1658372561,5149506_English.srt,Video_Zoom_Recording_5c9c2a03-c879-43ad-b4c6-a3dddef6a68e.mp4_processed-preview.jpg
05347064,05149500,0,151499886,,,"My Event on Wednesday, July 20, 2022",313960564,711796454,1658360146,1658360146,,unknown
05347015,05149451,0,37739514,,,"My Event on Wednesday, July 20, 2022",245844860,761193221,1658360124,1658362251,5149451_English,1c8a2b78-d602-4835-8d34-76ea0615c502_screen_capture_video_1658360093_display0.mp4-preview.jpg
05347001,05149437,0,47667229,,,5138034-podcast-kpinkney_637939333024743365_1 (1),1476929153,79335746,1658360118,1658361226,,Video-32ff3984-0ca3-4911-9206-2f79e93da29b_processed.mp4-preview.jpg
05346994,05149430,0,29837134,,,video1294603680,24330590,1206384694,1658360115,1658360294,,Video-359fc9b1-01bd-4db7-8d32-431b31ccc19d_processed.mp4-preview.jpg
05346983,05149419,0,36391167,,,"My Event on Wednesday, July 20, 2022",1614597845,615442334,1658360109,1658360309,,Dk2kr5-1BEF1E92-CB90-4179-B83D-C7C04EE1FF17_video0.mp4-preview.jpg
05346981,05149417,0,29872373,,,"My Event on Wednesday, July 20, 2022",1485165686,41183170,1658360109,1661399093,,XlV8zA-B9FEF2CB-A5B7-4B34-9BAF-04A3EC352EE3_video0.mp4-preview.jpg
05346962,05151502,0,136001872,,,C-14 Lecture Video 7/16: Typhus - Rickettsia prowazekii,1983649507,1407904287,1658361060,1658362260,,796c07ff-3520-48b5-891a-cc84fef5ce49_screen_capture_video_1658360096_display0_785151502-preview.jpg
05346942,05149378,352560,66129977,JBI Affiliated Group,tun,CSRTP July 20 2022 - Morning,1671750720,1570676685,1658360093,1658368464,,Video-219a5f6b-1f8c-4e39-b9c5-be53bc283918_processed.mp4-preview.jpg
05346936,05149372,0,168364410,,,se-07-20-2022,573722182,998908129,1658360090,1658363031,5149372_English,Video-350fb51a-5786-4e9c-a203-02d7c03e9bf5_processed.mp4-preview.jpg
05346908,05149344,0,101754661,,,"My Event on Wednesday, July 20, 2022",1926469450,1584972642,1658360079,1658531466,5149344_English,hkahil1_637939352738754064_1.mp4-preview.jpg
05346843,05149279,0,167966662,,,paper hw 2,664292104,664605238,1658360049,1658360387,5149279_English,Video-caa26c95-28e7-4fc6-8d0d-552f0bad06c6_processed.mp4-preview.jpg
05346755,05149191,0,101754661,,,"My Event on Wednesday, July 20, 2022",674098571,379939636,1658360011,1658360011,,unknown
05346703,05149139,0,31875311,,,Mustafa Said 2022-07-20,1209008152,1360020377,1658359989,1658360122,,msaid17_637939315762265651_1.mp4-preview.jpg
05346658,05149094,0,86436006,,,45894111-4316-4120-9F8E-18539A40C20A-443-0000064909208237_video,4252814,662349953,1658359968,1658361342,5149094_English,Video-7c110303-8645-45f9-b683-1e2366efdba9_processed.mp4-preview.jpg
05346505,05148941,0,151814252,,,Chapter 7,1568121308,1553123458,1658359899,1658424987,5148941_English,c91dbe5e-d5a1-49bd-b73a-c7ee2f9698c1_screen_capture_video_1658359112_display0.mp4-preview.jpg
05346431,05148867,0,29872373,,,"My Event on Wednesday, July 20, 2022",1696919340,2042733526,1658359869,1661399093,,XlV8zA-D7BE7EB7-2C83-43E6-A70A-E5628EBAC09F_video0.mp4-preview.jpg
05346347,05148783,0,136001872,,,C-14 Lecture Video 7/16: Typhus - Rickettsia prowazekii ,1799305747,1779182833,1658359831,1658359831,,unknown
05346294,05148731,0,40859947,,,"Chapter 14 - Optical Recording, Communications, and Audio Players",297994954,1552855711,1658359807,1658360544,,Video-1e2a5577-d441-4fdc-b3ee-ac6550ef4079_processed_783844249_784973958_785138085_785146605_785148731-preview.jpg
05346252,05148689,0,37739514,,,"My Event on Wednesday, July 20, 2022",1555318765,107355766,1658359786,1658359786,,unknown
05346250,05148687,0,31875311,,,Casey Collier 2022-07-20,1511165584,668316453,1658359786,1658360303,,f412ee08-72ec-48ca-ae25-03ad48914b48_screen_capture_video_1658359764_display0.mp4-preview.jpg
05346205,05148642,0,48422049,,,"My Event on Wednesday, July 20, 2022",1591417823,1092219779,1658359766,1658359968,,2ZDjMV-14E9A995-5553-4C5E-BF91-5FC33618816B_video0.mp4-preview.jpg
05346102,05148539,0,151499886,,,the one,227007752,456212384,1658359719,1658359719,,unknown
05346095,05148532,0,117670397,,,Presentacion del docente,1616601497,717954233,1658359717,1660955776,5148532_Spanish,Video-1f8d8c38-c898-4b34-a2ea-52fdf372cddc_processed.mp4-preview.jpg
05346074,05148511,0,117670397,,,Presentaci√≥n del curso,1938036476,543191814,1658359709,1660955776,5148511_Spanish,Video-b72b95d4-befb-4667-8c99-34367a157c65_processed.mp4-preview.jpg
05346047,05148484,0,136001872,,,C-14 Lecture Video 7/16: Typhus - Rickettsia prowazekii ,673132057,1464055036,1658359696,1658359696,,unknown
05345981,05148418,0,33702424,,,"My Event on Wednesday, July 20, 2022",147830380,1775011114,1658359664,1658359838,,PzjQDz-15517D81-516F-4DC2-A301-902B25A7E47E_video0.mp4-preview.jpg
05345951,05148388,0,35982881,,,Response to Danielle,940182446,271918710,1658359651,1658367121,,dcook21_637939384251385765_1.mp4-preview.jpg
05345896,05148333,0,168233555,,,Individual Intervention Related to Conflict Managment,1870093161,1322975056,1658359629,1658361015,5148333_English,3c5eb868-222c-4711-96ca-3893b6c01459_screen_capture_video_1658359622_display0.mp4-preview.jpg
05345844,05148281,0,60749135,,,"Addictions Session 6, Week 8",1427245929,1629222146,1658359606,1658361542,,mmrozinski_637939348078514248_1.mp4-preview.jpg
05345842,05148279,0,37739514,,,"My Event on Wednesday, July 20, 2022",488852228,955568304,1658359606,1658359606,,unknown
05345791,05148228,0,33702424,,,"My Event on Wednesday, July 20, 2022",556064654,66123651,1658359584,1658359706,,PzjQDz-53345BB0-DF18-4701-8C73-5ABF12358B94_video0.mp4-preview.jpg
05345742,05148179,529109,40859947,PHYS_010_A01_22U - HOW THINGS WORK,ucr,Chapter 14 - Cameras,722097509,246948407,1658359563,1658418493,5148179_English,Video-1e2a5577-d441-4fdc-b3ee-ac6550ef4079_processed_783844249_784973958_785147618_785148179-preview.jpg
05345739,05148176,0,136847872,,,7/20 -  C++ Programming - Chapter 4-5 Discussion,877375631,955043493,1658359562,1659494973,,Video_Zoom_Recording_5d01a65f-061f-4f5d-9e56-9cb02dba6b91.mp4_processed-preview.jpg
05345713,05148150,0,86436006,,,089EA22A-D2F5-405A-B1BE-9F01656CF6E0-443-0000064688474BE6_video,2122768227,716509994,1658359552,1658361958,5148150_English,Video-dfb185a3-9db8-4adc-b432-f5e65969b731_processed.mp4-preview.jpg
05345682,05148119,0,131949476,,,Section 12.1 A,1770827012,1652912934,1658359539,1658361419,5148119_English,3d6e58ec-0f8c-4f44-bbee-c8c98407bd49.mp4-preview.jpg
05345628,05148065,0,166554278,,,"My Event on Wednesday, July 20, 2022",105867258,1124792610,1658359516,1658359516,,unknown
05345580,05148017,0,48505320,,,"My Event on Wednesday, July 20, 2022",895536717,1126486251,1658359495,1658360610,,tlewis65_637939382907135904_1.mp4-preview.jpg
05345577,05148014,0,60749135,,,"My Event on Wednesday, July 20, 2022",1752796359,1776717330,1658359494,1658359494,,unknown
05345575,05148012,0,136001872,,,C-14 Lecture Video 7/16: Typhus - Rickettsia prowazekii ,1706295696,1381017335,1658359494,1658359494,,unknown
05345462,05147899,0,168233555,,,"My Event on Wednesday, July 20, 2022",590582860,1990943041,1658359449,1658359449,,unknown
05345455,05147892,0,112547552,,,Ann Marie Ct (1),1229264278,884977501,1658359445,1658359771,5147892_English,unknown
05345420,05147857,0,60988024,,,Week 8 -12 Step_Response 2,1701913136,996125775,1658359431,1658359534,,Video-56809c24-d454-4eb4-b0c1-01844d0b78d7_processed.mp4-preview.jpg
05345324,05147761,0,33702424,,,"My Event on Wednesday, July 20, 2022",597286923,985161975,1658359389,1658359564,,PzjQDz-173EA2A5-5A0B-4A4C-97EC-53EC0870C457_video0.mp4-preview.jpg
05345310,05147748,453806,136001872,BIO 123 MASTER COURSE,parkland,C-14 Lecture Video 6/16: Rocky Mountain Spotted Fever - Rickettsia rickettsii,1400838857,1379943721,1658359384,1658360090,,796c07ff-3520-48b5-891a-cc84fef5ce49_screen_capture_video_1658358783_display0_785147748-preview.jpg
05345302,05147740,0,37739514,,,"My Event on Wednesday, July 20, 2022",668172970,510698625,1658359381,1658359773,5147740_English,lash1_637939417592817649_1.mp4-preview.jpg
05345174,05147612,0,47667229,,,5137956-podcast-kpinkney_637939326117112902_1 (1),1711602986,1868784543,1658359326,1658360123,,Video-55b2e2f4-f8d9-4e68-9d45-f655ec33dd64_processed.mp4-preview.jpg
05345087,05147525,0,37739514,,,"My Event on Wednesday, July 20, 2022",622423675,374784359,1658359291,1658359291,,unknown
05345072,05147510,0,36391167,,,"My Event on Wednesday, July 20, 2022",1381316679,1962312175,1658359286,1658360298,,Dk2kr5-F8222D7E-009F-4611-BAB2-48C187CB3DB7_video0.mp4-preview.jpg
05344872,05147310,0,152163320,,,ELPT - 2347-MVPC_ BREAKER,1867878469,705791571,1658359204,1658403449,5147310_English,Video-78df9d10-476a-45af-8c54-d2741e930deb_processed.mp4-preview.jpg
05344740,05147178,0,169225819,,,video1916198330,1972750979,2106764385,1658359149,1658360408,5147178_English,Video-9f39b09d-e9b7-4f49-8717-23af92f5366c_processed.mp4-preview.jpg
05344697,05147135,0,36564967,,,Movie on 7-20-22 at 6.14 PM,1796971960,758931113,1658359132,1661476264,5147135_English.srt,Video-fd64f50d-7c0e-4fbe-9a6f-127836602637_processed.mp4-preview.jpg
05344611,05147049,0,81133210,,,Jedri 07/20/2022,554612790,1314327253,1658359098,1658359373,,Video-db2be264-e448-4a8a-a2cc-ff9c1ff99820_processed-preview.jpg
05344534,05146972,0,168233555,,,"My Event on Wednesday, July 20, 2022",429755797,1781582095,1658359066,1658359066,,unknown
05344533,05146971,0,31875311,,,Thomas Su 2022-07-20,1959402314,1416331973,1658359066,1658359241,,thomassu_637939306557206623_1.mp4-preview.jpg
05344389,05146827,0,35863729,,,WIN_20220720_18_13_59_Pro,1617662394,1576979701,1658359010,1661998398,,Video-e70e3688-a262-47a7-b824-bbea6c913d4b_processed.mp4-preview.jpg
05344337,05146775,0,155078658,,,"Sustainable Construction-CNST-495-003-202225-Jul 20, 2022 04:58 PM Central Standard Time",1544228428,189973183,1658358989,1658360628,5146775_English.srt,Video_Zoom_Recording_be1355cc-0595-4c83-a386-eb6e528d3c30.mp4_processed-preview.jpg
05344329,05146767,0,83540569,,,reply to Christina ,1771489777,1731069145,1658358986,1662927409,,A7D7324D-685B-44D3-BFCA-D250ED121996.mp4_processed-preview.jpg
05344282,05146720,0,167047372,,,C12 EBM,701604836,1284042238,1658358966,1658359800,5146720_English,8k6a69Q-3B43E54B-214B-435A-B871-1BAE53DA65AB_video0.mp4-preview.jpg
05344167,05148731,0,40859947,,,"Chapter 14 - Optical Recording, Communications, and Audio Players",297994954,1552855711,1658359807,1658360544,,Video-1e2a5577-d441-4fdc-b3ee-ac6550ef4079_processed_783844249_784973958_785138085_785146605_785148731-preview.jpg
05344087,05146525,0,101196392,,,DD2 | Week 1,442818845,143204265,1658358886,1658360384,5146525_English,acatterson_637939376782868608_1.mp4-preview.jpg
05344086,05146524,0,83540569,,,reply to Paula,584233211,1998862214,1658358885,1662927409,,5CD4C808-5EC9-4C62-BD9F-F33286AC3671.mp4_processed-preview.jpg
05344033,05146471,0,151499886,,,"My Event on Wednesday, July 20, 2022",1307177201,579038084,1658358864,1658362475,5146471_English,ca36aa83-e7a4-41c5-9693-af504b98f2fa_screen_capture_video_1658358843_display0.mp4-preview.jpg
05343937,05146375,0,165381845,,,Head-to-Toe Assessment,1286063056,888670971,1658358825,1658360982,5146375_English,Video-ceaf20ef-4254-42be-8ff3-1d0ec3ff9f39_processed.mp4-preview.jpg
05343922,05146360,0,35982881,,,Response to Elana,680053987,1098740956,1658358819,1658360130,,dcook21_637939376033622442_1.mp4-preview.jpg
05343896,05146334,0,145583780,,,"AETP 61-03R Pre-College Reading II, Summer 2022",1372886089,150725476,1658358810,1658359829,,Video_Zoom_Recording_be543cb8-8934-4d61-9d7a-123237688fac.mp4_processed-preview.jpg
05343886,05146324,0,36845282,,,"My Event on Wednesday, July 20, 2022",380861787,1804739074,1658358806,1658359072,,05KBvg-8C9976D1-7E58-4336-9A17-932AC0903B20_video.mp4-preview.jpg
05343884,05146322,0,167009228,,,Chapter 15,649823493,1376095857,1658358805,1658359175,5146322_English,Video-dab461f7-17ac-4021-a5ce-d65bf71c02f4_processed.mp4-preview.jpg
05343859,05147748,0,136001872,,,C-14 Lecture Video 6/16: Rocky Mountain Spotted Fever - Rickettsia rickettsii,1400838857,1379943721,1658359384,1658360090,,796c07ff-3520-48b5-891a-cc84fef5ce49_screen_capture_video_1658358783_display0_785147748-preview.jpg
05343807,05146244,0,109385546,,,Megan Long 2022-07-20,1812676206,1218934025,1658358775,1658362967,,65398671-16fc-4769-9c54-9171843f82e5_screen_capture_video_1658358757_display0.mp4-preview.jpg
05343799,05146237,0,83540569,,,CNDV 5326 week 8,70608450,203013148,1658358773,1662927409,,7C49AF19-E26F-40B7-9656-9D9F98EF35F1.mp4_processed-preview.jpg
05343795,05146233,0,37064793,,,WIN_20220720_17_35_37_Pro,1658625753,91573942,1658358771,1658359621,,Video-ce9c49f8-9ad0-4227-b54d-0e4b4789d24c_processed_original_0037.jpg
05343740,05146178,0,45865160,,,Procedures Weeks 3 & 4 Review 2022,1266286986,174640406,1658358749,1659482855,5146178_English.srt,Video-d46af343-03e9-4b05-b832-742f96fab427_processed_785146178-preview.jpg
05343682,05146120,0,19250810,,,20 lect Final converter(SU-22 -R2),618205646,13247742,1658358726,1658463793,5146120_English,Video-95457dce-7d36-48ec-a8b9-214273f888b4_processed.mp4-preview.jpg
05343655,05146093,0,35330847,,,calidra ,27131014,2043968368,1658358715,1658358806,,B08E6DE1-AD4D-41DF-BF1C-82AA74E36B8D.mp4_processed-preview.jpg
05343636,05146074,0,164258068,,,M5 D1 response 1,782971836,1344680677,1658358706,1658530764,5146074_English,unknown
05343610,05146048,0,30156541,,,"My Mobile Upload - Wednesday, July 20 6:02 PM",2097624647,729324214,1658358696,1658381473,5146048_English,3978BC7B-7F15-4019-8599-E3330D01B320.mp4_processed-preview.jpg
05343549,05145987,0,123943975,,,"Panorama Demo Practice-Jul 20, 2022 03:11 PM Pacific Standard Time",2019665244,1032141732,1658358672,1658508803,,Video_Zoom_Recording_6692eb63-9320-46ed-a25d-3ef2398fec05.mp4_processed-preview.jpg
05343548,05145986,0,123943975,,,"Panorama Demo Practice-Jul 20, 2022 03:33 PM Pacific Standard Time",120046474,1897047419,1658358672,1658508803,,Video_Zoom_Recording_47f677d5-ee64-437a-8f16-8e4eafbd599f.mp4_processed-preview.jpg
05343410,05145848,534056,151499886,Vergetta Harris | ADC Sandbox,heartland,To do Assignment ,362384269,1607799197,1658358617,1658362448,5145848_English,vharris18_637939373948725366_1.mp4-preview.jpg
05343407,05145845,0,31875311,,,Ivy Le 2022-07-20,1157613856,1695181378,1658358616,1658358683,,ivyaile_637939301921283180_1.mp4-preview.jpg
05343349,05145787,0,168233555,,,"My Event on Wednesday, July 20, 2022",118818310,2132694230,1658358594,1658358594,,unknown
05343230,05145668,0,20022764,,,Keshae Holloway 2022-07-20,372428468,1234457109,1658358545,1667732319,,2RkzRL-6EBCC050-0173-4F81-95C0-6BDD8DC455DF_video0.mp4-preview.jpg
05343183,05145621,0,168233555,,,"My Event on Wednesday, July 20, 2022",1743470753,614484473,1658358526,1658358526,,unknown
05343133,05145571,0,81133210,,,Jessica 07/20/2022,1083826816,2002756058,1658358505,1658358785,,Video-200c23fb-199c-496f-9511-e361b0283e20_processed-preview.jpg
05343130,05145568,0,161913989,,,2302 - HW 9,485169808,1602059246,1658358504,1665668800,5145568_English,b4486d9e-309e-4326-b762-7ae664681b39.mp4-preview.jpg
05343072,05145510,0,31875311,,,Casey Collier 2022-07-20,383271203,1542993973,1658358481,1658359650,,f412ee08-72ec-48ca-ae25-03ad48914b48_screen_capture_video_1658358460_display0.mp4-preview.jpg
05343024,05145462,0,35863729,,,WIN_20220720_18_05_15_Pro,328750098,1904902570,1658358461,1661998398,,Video-f8a28dd6-883e-4f00-af28-eead50d64c44_processed.mp4-preview.jpg
05343017,05145455,0,169222382,,,Falls in the Elderly July 20 2022,804310418,145546473,1658358459,1662571273,5145455_English,4f354b7f-1145-4f94-8bd9-e9b35408e904_screen_capture_video_1658358443_display0.mp4-preview.jpg
05342944,05145383,0,12800761,,,PACE recorded Online Orientation,434274679,1587456163,1658358429,1658359795,5145383_English,Video-da767692-b8ef-4a76-8663-5a784e9225b4_processed.mp4-preview.jpg
05342830,05145269,0,13362778,,,CapacitorCameraExample_edited_edited,1074625035,19161564,1658358383,1658782022,5145269_English.srt,Video-817a43d3-ab7d-4bd8-81cb-659a414cfe11_processed.mp4-preview.jpg
05342737,05145176,0,20572068,,,Jedidiah Scott 2022-07-20,1611159600,1952456946,1658358346,1667732319,,jscott169_637939371205299578_1.mp4-preview.jpg
05342728,05145167,0,81133210,,,Michael 07/20/2022,285931892,19446636,1658358344,1658358344,,unknown
05342640,05145079,0,33844396,,,"My Event on Wednesday, July 20, 2022",1290792775,1044455046,1658358309,1658358475,,11x3QR-D1C0AEFA-C537-4DC8-AE79-FE991CEC90C2_video.mp4-preview.jpg
05342585,05145024,0,28523064,,,9.1 Direct Myofascial Technique Thoracic Outlet,1407562607,794944029,1658358288,1658359784,5145024_English,Video-41254b39-fe64-4aeb-afe6-be1d904968fe_processed.mp4-preview.jpg
05342482,05144921,0,28523064,,,9.2 Galbreath,1005762094,772318967,1658358245,1658359156,5144921_English,Video-42688763-8f12-4bbb-a39f-79a33253aa25_processed.mp4-preview.jpg
05342442,05144881,0,28523064,,,9.5 Colon Release Technique Supine,737435141,1814872673,1658358230,1658359226,5144881_English,Video-14283b88-2264-4e7f-916c-824c3268c4e7_processed.mp4-preview.jpg
05342423,05144862,0,29873300,,,12step-week8,2033319985,1631481903,1658358222,1661219956,,Video-8d1a5750-281a-4f60-bf6c-eff6bb87a993_processed.mp4-preview.jpg
05342402,05144841,0,28523064,,,Condylar Decompression,1643460391,496712982,1658358213,1658359231,5144841_English,Video-c81939d2-8c2d-45e4-9dd5-42c2d04e220a_processed.mp4-preview.jpg
05342393,05144832,0,161913989,,,CH 14 Q8,2112566350,638632820,1658358211,1662665262,5144832_English,f2f7ad1c-d0dd-4624-a05a-e91f43fcf3d1.mp4-preview.jpg
05342388,05144827,0,138213879,,,Chapter 11 - Monopolistic Competition and Oligopoly,1942673546,860432000,1658358209,1658853047,,Video-54fa897d-68b4-4949-89fc-9d2522f33ddc_processed.mp4-preview.jpg
05342379,05144818,543382,24515894,Special Topics-Therapeutics (PHAR-6170-001 CRN:36032),UTEP,"Special Topics-Therapeutics (PHAR-6170-001 CRN:36032)-Jul 20, 2022 02:53 PM Pacific Standard Time",1439039878,1793754700,1658358206,1658665107,5144818_English,Video_Zoom_Recording_da924b06-71f7-4de8-9426-5ab20536545e.mp4_processed-preview.jpg
05342353,05144792,0,28523064,,,Spinal Articulatory Technique Prone Position,1767067265,1736885576,1658358196,1658359229,5144792_English,Video-e714de67-b60b-4178-8c4f-fcfbc36468ea_processed.mp4-preview.jpg
05342300,05144739,0,28523064,,,1a Sacral Low Velocity Low Amplitude Technique Part 1,1751089999,1415512458,1658358175,1658359218,5144739_English,Video-af6ca4e3-9955-4bba-b3fe-dd241a6882f0_processed.mp4-preview.jpg
05342281,05144720,0,168233555,,,"My Event on Wednesday, July 20, 2022",52114192,2057077556,1658358166,1658358166,,unknown
05342280,05144719,0,164697750,,,"My Event on Wednesday, July 20, 2022",1919823861,1918525282,1658358166,1658359798,5144719_English,2ce45b44-e77d-4ccb-af85-143c518fcc5c_screen_capture_video_1658358148_display0.mp4-preview.jpg
05342257,05144696,0,28523064,,,Counterstrain Posterior Cervical Spine,1408139187,274479313,1658358158,1658359215,5144696_English,Video-0d8a5ef0-d163-4a36-883a-737ce70227bd_processed.mp4-preview.jpg
05342173,05144612,0,47566091,,,Session 6: Week 8_edited,347098229,534642906,1658358125,1658361196,,emontelongo_637939356945277472_1_785144612-preview.jpg
05342136,05144575,0,28523064,,,Sacral Low Velocity Low Amplitude Technique Part 2,1805242754,1183742569,1658358111,1658358568,5144575_English,Video-9363a786-a49c-4db8-aea7-b318705319d3_processed.mp4-preview.jpg
05342127,05144566,0,159096134,,,"SU22TS2 PHRM-535-01-Jul 20, 2022 02:05 PM Pacific Standard Time",58198260,2124435494,1658358108,1665849900,5144566_English.srt,Video_Zoom_Recording_f326299e-9c6d-41a0-b314-a9425b0f8dc2.mp4_processed-preview.jpg
05342102,05144541,0,35982881,,,Session 6: Week 8,400317737,1331712412,1658358099,1658359448,,dcook21_637939368788319243_1.mp4-preview.jpg
05342094,05144533,0,28523064,,,Still Technique Cervical Spine,785321404,1461452610,1658358096,1658358565,5144533_English,Video-71d86327-1cd1-4f8e-a7db-d79248296a94_processed.mp4-preview.jpg
05342056,05144495,0,29086852,,,"My Event on Wednesday, July 20, 2022_edited",715640613,2065225494,1658358080,1658517622,,674a18fc-4f04-4d07-a9be-b19eee9a857b_screen_capture_video_1658356095_display0_785144495-preview.jpg
05342043,05144482,0,166982817,,,Melanie Nolden Unit 2 test,802747200,1170025414,1658358076,1658358570,5144482_English,0b56d619-f689-4b4f-b497-d2666bcba810.mp4-preview.jpg
05342025,05144464,0,28523064,,,Strain-Counterstrain Treatment Psoas and Piriformis Tender Points,1009910393,347502283,1658358070,1658359210,5144464_English,Video-4eb0ccd4-e583-4b5f-bcfc-b697c6250fa2_processed.mp4-preview.jpg
05341989,05144428,0,19849239,,,Math 180 20 Jul Section 5.5 Part 2 Section 5.6 Part 1,1127650295,959489650,1658358054,1658368343,5144428_English,rhutcheon_637939368052489399_1.mp4-preview.jpg
05341968,05144407,0,148115146,,,"My Event on Wednesday, July 20, 2022",1423332702,2143323362,1658358046,1658358116,,NzBaag-DED23FB9-A8D0-411B-847C-B0BBE1B53E6B_video0.mp4-preview.jpg
05341913,05144352,0,81133210,,,Hillary 07/20/2022,1604037068,327984848,1658358026,1658358342,,Screenshare-bfeeddf0-2cf4-4d86-ab3f-26771f05a74b_processed-preview.jpg
05341870,05144309,0,166982817,,,Melanie Nolden Unit 2 test,635073295,1515332878,1658358010,1658358010,,unknown
05341846,05144285,0,32412903,,,Microsoft PIM,950508013,1320425750,1658357999,1664391254,,Video-e05e1e29-646c-4845-a950-28cc1e3b67ee_processed.mp4-preview.jpg
05341812,05144251,0,60482065,,,"My Event on Wednesday, July 20, 2022",2126385955,543013694,1658357986,1658358609,,fmoses1_637939367610317799_1.mp4-preview.jpg
05341805,05144244,0,36845282,,,"My Event on Wednesday, July 20, 2022",1199772512,1913156369,1658357984,1658358899,,05KBvg-C7C78738-52BF-49FE-A0EA-3CA06917BD4A_video.mp4-preview.jpg
05341802,05144241,0,28523064,,,Uterine Chapman Reflex Point Inhibition(FINAL),1351530566,932067594,1658357984,1658359208,5144241_English,Video-7035f39b-7fe9-418c-b350-de6f35a08329_processed.mp4-preview.jpg
05341791,05144230,0,29873300,,,week8-response1,247165994,314311990,1658357979,1661219956,,Video-f477d87d-f3cc-4b0e-876f-4e010c003007_processed.mp4-preview.jpg
05341750,05144189,0,20572068,,,Noah Shepker 2022-07-20,450142916,2061785498,1658357964,1658408527,,nshepker_637939367547499879_1.mp4-preview.jpg
05341698,05144138,453806,136001872,BIO 123 MASTER COURSE,parkland,C-14 Lecture Video 5/16: Lyme Disease - Borrelia burgdorferi,1234032458,1595474124,1658357943,1658358830,,796c07ff-3520-48b5-891a-cc84fef5ce49_screen_capture_video_1658357066_display0_785144138-preview.jpg
05341679,05144119,0,29873300,,,week8-response2,1073042709,1941477981,1658357936,1661219956,,Video-08be0d11-7d96-463d-8fb1-c703d345ad53_processed.mp4-preview.jpg
05341655,05144095,0,28523064,,,Muscle Energy Technique Bilaterally Flexed Sacrum Lateral Recumbent(FINAL),1142963294,512337147,1658357927,1658358559,5144095_English,Video-f7369de9-ef3d-4dc4-baa8-ddf2750212cb_processed.mp4-preview.jpg
05341572,05144012,0,45000700,,,"My Event on Wednesday, July 20, 2022",1475788991,1533927551,1658357896,1658358005,,42d0acf4-4a07-4c9f-aef6-d752d6a362b1_screen_capture_video_1658357860_display0.mp4-preview.jpg
05341571,05144011,0,60482065,,,"My Event on Wednesday, July 20, 2022",2088624140,304985105,1658357896,1658357896,,unknown
05341570,05144010,0,166554278,,,"My Event on Wednesday, July 20, 2022",179823720,607679234,1658357896,1658357896,,unknown
05341513,05143953,0,169393287,,,"My Event on Wednesday, July 20, 2022",1762986612,542382569,1658357874,1658358562,5143953_English,d2d5f064-b585-44c5-896d-2d9133068916.mp4-preview.jpg
05341512,05143952,0,81133210,,,Talissa 07/20/2022,1124001888,1687026398,1658357874,1658357908,,Video-c536a2b5-c84e-410e-b97e-98529590bfbb_processed-preview.jpg
05341500,05143940,0,169413121,,,Visibly Invisible The Sociopolitical Reality of Black Women,1724648065,1386132060,1658357870,1658359205,5143940_English,Video-7a9b952c-4ed1-43fa-9527-27b1b096e07c_processed.mp4-preview.jpg
05341451,05143891,0,9702186,,,"My Event on Wednesday, July 20, 2022",1513945856,768889807,1658357851,1658359160,5143891_English,f48630c8-e4c6-4ee8-af7d-ac0b665f9ca1_screen_capture_video_1658357848_display0.mp4-preview.jpg
05341437,05143876,0,13233337,,,Samantha Klig 2022-07-20,8881163,2089255644,1658357846,1658432404,,WzjJlva-5A6BB53A-472A-4B21-A148-E9DA66A9AABC_desktop0.mp4-preview.jpg
05341433,05143873,0,28523064,,,Lumbar Myofascial Technique Lateral Recumbent(FINAL) ,1901406068,2060679514,1658357845,1658358557,5143873_English,Video-5bb96001-3c73-40e7-8406-b8f685f2f64f_processed.mp4-preview.jpg
05341391,05143831,0,169393287,,,"My Event on Wednesday, July 20, 2022",1194328833,590896238,1658357829,1658357829,,unknown
05341362,05143802,0,35863729,,,WIN_20220720_17_50_15_Pro,1395235879,338059228,1658357818,1661998398,,Video-59224ed9-3188-4013-b576-7abf8e5a1f3a_processed.mp4-preview.jpg
05341352,05143792,0,28523064,,,HVLA Wrist(FINAL),2071798435,1529479747,1658357813,1658358554,5143792_English,Video-e8d52996-0d8e-47bc-82da-0e8be8becc7f_processed.mp4-preview.jpg
05341343,05143783,0,37119897,,,Jordan,1066184582,1729028677,1658357810,1661637273,,Video-4dc90318-06c0-4ab2-9824-ff00c618b440_processed.mp4-preview.jpg
05341332,05143772,0,161913989,,,CH 14 Q8,470327340,470362477,1658357806,1658357806,,unknown
05341299,05143739,0,169413121,,,"Black America, White America A Conversation of Present-day A",615597663,1877001736,1658357794,1658359201,5143739_English,Video-4d418348-eb3e-4c38-9176-0b090ce2a368_processed.mp4-preview.jpg
05341285,05143725,0,150576153,,,Module 1 Part 1 Lecture - Security Assessment,1800651440,629900826,1658357789,1658360363,5143725_English.srt,xKqa75-E50D5D78-D326-4F72-8958-0BF53B36DD01_video0.mp4-preview.jpg
05341280,05143720,0,29674952,,,DB Reply Juanita (1),146093898,1817899808,1658357788,1658357964,,Video-b4e19e28-767f-415d-bbe9-2532bb0e66e5_processed.mp4-preview.jpg
05341248,05143688,0,28523064,,,Articulatory Technique Carpal bones of the Wrist(FINAL),619620320,1717395653,1658357776,1658358551,5143688_English,Video-69bd9679-4e80-4b4b-b552-dcddbc63bce1_processed.mp4-preview.jpg
05341228,05143668,0,33571189,,,Week 8 Response-Arlina,1758627356,1050234462,1658357767,1661394948,,Video-3089f95d-7e38-4197-9874-736906ff40a4_processed.mp4-preview.jpg
05341223,05143663,0,16305038,,,Alexander Jaafar 2022-07-20,1704353864,1840206514,1658357766,1667732319,,2Nv7Xx-BDD5C628-9C73-460E-B19C-EC1D629A0EFD_desktop0.mp4-preview.jpg
05341169,05143609,0,121279242,,,"My Event on Wednesday, July 20, 2022",1204930033,1911351374,1658357745,1661445368,,WqxqeG-AA9AD452-4B4A-44CD-A8EC-4EF17C7131A9_video0.mp4-preview.jpg
05341167,05143607,0,148115146,,,"My Event on Wednesday, July 20, 2022",871664774,348585384,1658357744,1658357744,,unknown
05341151,05143591,0,164126917,,,Proposal Video Presentation ,511231077,1596871161,1658357738,1658358598,5143591_English,Video-ce657924-911c-4591-9be9-b84a595cb9ca_processed.mp4-preview.jpg
05341138,05143578,0,32946805,,,Initial Posting,914596142,222257958,1658357734,1658360487,,Video-38fafbad-8f2d-40e9-b04c-82e510703851_processed.mp4-preview.jpg
05341038,05143478,0,169393287,,,"My Event on Wednesday, July 20, 2022",1763737628,1279036071,1658357694,1658357694,,unknown
05341027,05143467,0,153741118,,,MATH 4740: July 19,1772842975,2043571483,1658357690,1658360397,5143467_English,Video-091680e2-f8e9-47a0-9cb1-4b6f6996def7_processed.mp4-preview.jpg
05340975,05143415,0,166982817,,,Melanie Nolden C12,102389452,343860525,1658357671,1658358596,5143415_English,f37ba6d2-0dd5-4be6-b6b9-ec0f8da4a018.mp4-preview.jpg
05340944,05143384,0,29674952,,,DB Reply Katelyn,393561088,1681519442,1658357660,1658357760,,Video-f8c99da9-9489-4649-be7d-9590185a5107_processed.mp4-preview.jpg
05340857,05143297,0,167009228,,,My Movie (2),1954549261,2092485817,1658357627,1658358592,5143297_English,Video-357ca125-d30f-42b4-926b-c1c6fc3d4e95_processed.mp4-preview.jpg
05340856,05143296,0,166554278,,,"My Event on Wednesday, July 20, 2022",1154027905,1201022509,1658357626,1658357626,,unknown
05340796,05143236,0,166982817,,,Melanie Nolden C12,1998342143,782441358,1658357604,1658357604,,unknown
05340744,05143184,0,148115146,,,"My Event on Wednesday, July 20, 2022",1130312111,1969360087,1658357585,1658357649,,NzBaag-C4F214C4-3EBA-4445-B3AE-479299B16CA6_video0.mp4-preview.jpg
05340678,05143118,0,148345476,,,"My Event on Wednesday, July 20, 2022",1215436483,779138440,1658357559,1658357615,,2916e3c0-ea10-4e30-8245-ef23cd0c2ba2_screen_capture_video_1658357556_display0.mp4-preview.jpg
05340564,05143004,0,166377292,,,"My Mobile Upload - Wednesday, July 20 4:50 PM",1965140331,2058969299,1658357515,1658358587,5143004_English,E4E74D4A-566B-4D71-8150-61DD38DE8E57.mp4_processed-preview.jpg
05340522,05142962,0,29086852,,,"Sentences, Claims, and Reality_edited",1318500728,2100774067,1658357500,1658517622,,674a18fc-4f04-4d07-a9be-b19eee9a857b_screen_capture_video_1658347370_display0_785142962-preview.jpg
05340501,05142941,0,20572068,,,Jonna Fields 2022-07-20,2096735676,1558546945,1658357491,1667732319,,c62b6b68-5f90-482b-84a8-f22a4d723a67_screen_capture_video_1658357463_display0.mp4-preview.jpg
05340441,05142881,0,148345476,,,"My Event on Wednesday, July 20, 2022",904696975,1745395959,1658357469,1658357469,,unknown
05340382,05142822,0,1467174,,,Aliejah Castle 2022-07-20,378353843,510674291,1658357446,1658360611,,acastle4_637939362418555475_1.mp4-preview.jpg
05340332,05142772,0,32946805,,,Reply to Renee,71111830,768378083,1658357427,1658358197,,Video-fb947f28-baec-4180-8b4f-bb0fa0cbd9d0_processed.mp4-preview.jpg
05340323,05142763,0,136020202,,,Test,1397528379,1390504295,1658357424,1658357573,,ccollier1_637939290124029303_1.mp4-preview.jpg
05340285,05142725,516955,111392621,Introduction to Calculus of Several Variables,ucsc,"W 2-4PM Instructor Office Hours (Final Exam Review)-Jul 20, 2022 02:04 PM Pacific Standard Time",135220124,227136387,1658357410,1658473267,5142725_English,Video_Zoom_Recording_ce4d30f7-2ac3-45ff-93fc-7b846f423502.mp4_processed-preview.jpg
05340277,05142717,0,114636625,,,"Meet and Greet - Internship Coordinator-Jul 20, 2022 02:19 PM Pacific Standard Time",1509184388,1020882709,1658357407,1658358248,,Video_Zoom_Recording_71c633c0-3d64-427e-aa95-cb04d385c74a.mp4_processed-preview.jpg
05340266,05142706,0,69007270,,,Class Recording from July 20,2136555786,754282044,1658357403,1658770376,5142706_English,Video-bb7aae49-e714-4ad1-9298-96e90f4c857b_processed.mp4-preview.jpg
05340261,05142701,0,31187360,,,"My Event on Wednesday, July 20, 2022",2136582035,391218943,1658357401,1658357401,,unknown
05340188,05142628,0,36214223,,,Week 8 ,488580200,785766924,1658357374,1658360598,,Video-b1b17d7e-8d84-4451-935d-b69d7a7fe405_processed.mp4-preview.jpg
05340100,05142540,0,34074297,,,Week 8-Check In video,1859575884,1264188456,1658357340,1658358722,,Video-cf48e9f2-b8b9-4bc4-b6e5-1fca3c473ab9_processed.mp4-preview.jpg
05340090,05142530,523195,164269267,Intro to Ethics: Theory & App,blackhawk,Week 2 General Categories,1251740260,533940169,1658357337,1660359055,5142530_English,Video-25079aa4-f170-4e58-aa71-71fbf5481c04_processed.mp4-preview.jpg
